#metadataBlock	name	dataverseAlias	displayName													
	enrichments		Enriched Metadata													
#datasetField	name	title	description	watermark	 fieldType	displayOrder	displayFormat	advancedSearchField	allowControlledVocabulary	allowmultiples	facetable	displayoncreate	required	parent	metadatablock_id	termURI
	enrichedElsstClassification	Keyword ELSST	A key term from the European Language Social Science Thesaurus (ELSST) that describes an important aspect of the Dataset. 		text	0		TRUE	FALSE	TRUE	TRUE	TRUE	FALSE		enrichments	
	enrichedCbsTaxonomyTerm	Taxonomy CBS	A term from the CBS Taxonomy. 		text	1		TRUE	FALSE	TRUE	TRUE	TRUE	FALSE		enrichments	
	enrichedCbsConcept	Concept CBS	A concept from the CBS Concepts Vocabulary. 		text	2		TRUE	FALSE	TRUE	TRUE	TRUE	FALSE		enrichments	
	frequencyOfUse	Frequency of Use	The frequency of use of a data file among CBS RA projects.		text	3		FALSE	FALSE	FALSE	TRUE	FALSE	FALSE		enrichments	
	cbsLinkage	Linkage to CBS Microdata	The linkage of the dataset with CBS microdata.		text	4		FALSE	FALSE	FALSE	TRUE	FALSE	FALSE		enrichments	
	cbsLinkageDetails	Linkage Details	Additional details on the CBS microdata linkage.		textbox	5		FALSE	FALSE	FALSE	FALSE	FALSE	FALSE		enrichments	

